{"coords":{"8":[[1631027.95,6578206.8499999996],[1631023.77,6578194.1299999999],[1630944.4199999999,6578079.8200000003]],"9":[[1630934.8100000001,6578077.5499999998],[1630943.5700000001,6578080.3499999996],[1631023.24,6578193.2800000003],[1631027.95,6578206.8499999996]],"13":[[1630013.987,6577750.0770000014],[1630039.1200000001,6577750.1900000004],[1630043.1899999999,6577765.9699999997],[1629973.8899999999,6577910.1299999999],[1630005.47,6577975.2300000004],[1630190.9199999999,6578067.6799999997],[1630196.23,6578070.3899999997],[1630280.77,6578114.6799999997],[1630423.5700000001,6578192.3200000003],[1630556.23,6578155.5899999999],[1630636.99,6578270.5700000003],[1630647.9099999999,6578276.9500000002],[1630698.21,6578308.5999999996],[1630954.8200000001,6578154.0],[1630970.53,6578152.0099999998],[1630941.8700000001,6578081.4100000001],[1630944.4199999999,6578079.8200000003]],"14":[[1630934.8100000001,6578077.5499999998],[1630942.72,6578080.8799999999],[1630972.5900000001,6578151.9299999997],[1630958.7,6578154.6799999997],[1630698.76,6578309.4199999999],[1630647.21,6578277.5499999998],[1630636.23,6578271.2300000004],[1630556.5,6578156.5300000003],[1630424.1100000001,6578193.1900000004],[1630280.3100000001,6578115.5599999996],[1630195.6200000001,6578071.21],[1630190.5800000001,6578068.6299999999],[1630005.1399999999,6577976.1299999999],[1629972.99,6577910.5800000001],[1629991.74,6577827.6699999999],[1630015.6899999999,6577841.5999999996]],"17":[[1630013.987,6577750.0770000014],[1630038.9199999999,6577750.6500000004],[1630042.72,6577765.79],[1629997.6699999999,6577819.8899999997],[1630016.3200000001,6577840.8300000001],[1629991.74,6577827.6699999999]],"18":[[1631027.95,6578206.8499999996],[1631032.25,6578207.71],[1631041.3600000001,6578235.8499999996],[1631041.3600000001,6578235.8499999996],[1631045.21,6578242.3899999997],[1631045.21,6578242.3899999997],[1631089.26,6578317.5199999996],[1631089.26,6578317.5199999996],[1631086.5700000001,6578349.4000000004]],"19":[[1631027.95,6578206.8499999996],[1631032.78,6578208.5599999996],[1630983.8700000001,6578267.7400000002],[1630983.8700000001,6578267.7400000002],[1631004.4299999999,6578288.9500000002]],"20":[[1631027.95,6578206.8499999996],[1631033.8400000001,6578210.2599999998],[1630982.25,6578268.9199999999],[1630982.25,6578268.9199999999],[1631004.96,6578289.7999999998]],"21":[[1631027.95,6578206.8499999996],[1631034.3700000001,6578211.1100000003],[1631025.26,6578240.0599999996]],"22":[[1631027.95,6578206.8499999996],[1631035.4299999999,6578212.8099999996],[1631024.4099999999,6578240.5800000001]],"23":[[1631027.95,6578206.8499999996],[1631035.96,6578213.6500000004],[1631022.7,6578241.6200000001]],"24":[[1631027.95,6578206.8499999996],[1631026.95,6578199.2300000004],[1631089.2,6578186.46],[1631089.2,6578186.46],[1631248.24,6578102.3600000003]],"25":[[1631027.95,6578206.8499999996],[1631027.48,6578200.0800000001],[1631089.4199999999,6578187.4500000002],[1631089.4199999999,6578187.4500000002],[1631247.3899999999,6578102.8899999997]],"26":[[1631027.95,6578206.8499999996],[1631028.01,6578200.9299999997],[1631089.6299999999,6578188.4500000002],[1631089.6299999999,6578188.4500000002],[1631242.3200000001,6578106.0899999999]],"27":[[1631027.95,6578206.8499999996],[1631029.6000000001,6578203.4699999997],[1631089.78,6578191.4500000002],[1631089.78,6578191.4500000002],[1631143.0800000001,6578169.3600000003]],"28":[[1631027.95,6578206.8499999996],[1631028.54,6578201.7800000003],[1631089.8999999999,6578189.4400000004],[1631089.8999999999,6578189.4400000004],[1631241.47,6578106.6200000001]],"29":[[1631027.95,6578206.8499999996],[1631029.0700000001,6578202.6200000001],[1631089.9399999999,6578190.4400000004],[1631089.9399999999,6578190.4400000004],[1631145.6200000001,6578167.7699999996]],"30":[[1631027.95,6578206.8499999996],[1631025.8899999999,6578197.5300000003],[1631028.8600000001,6578196.0099999998]],"31":[[1631027.95,6578206.8499999996],[1631028.46,6578214.8099999996],[1631026.4199999999,6578198.3799999999]],"32":[[1631027.95,6578206.8499999996],[1631030.1299999999,6578204.3200000003],[1631089.6200000001,6578192.4500000002],[1631089.6200000001,6578192.4500000002],[1631142.23,6578169.8799999999]],"33":[[1631027.95,6578206.8499999996],[1631030.6599999999,6578205.1699999999],[1631085.46,6578202.6900000004]],"34":[[1631027.95,6578206.8499999996],[1631031.1899999999,6578206.0199999996],[1631084.6100000001,6578203.2300000004]],"35":[[1631027.95,6578206.8499999996],[1631031.72,6578206.8700000001],[1631082.9199999999,6578204.29]],"36":[[1630966.2379999997,6578276.5289999992],[1630961.71,6578273.9299999997],[1630920.3899999999,6578282.3600000003]],"37":[[1630966.2379999997,6578276.5289999992],[1630960.9099999999,6578274.46],[1630903.1399999999,6578328.1299999999]],"38":[[1630966.2379999997,6578276.5289999992],[1630960.05,6578274.9699999997],[1630954.6599999999,6578287.3600000003]],"39":[[1630966.2379999997,6578276.5289999992],[1630963.3899999999,6578272.8899999997],[1631021.8400000001,6578242.1399999997]],"40":[[1630966.2379999997,6578276.5289999992],[1630964.26,6578272.3600000003],[1631020.99,6578242.6600000001]],"41":[[1630966.2379999997,6578276.5289999992],[1630962.53,6578273.4199999999],[1630959.1299999999,6578261.6299999999]],"42":[[1630910.1229999997,6578333.5350000001],[1630902.1399999999,6578333.0700000003],[1630971.3200000001,6578407.8799999999]],"43":[[1630910.1229999997,6578333.5350000001],[1630902.3400000001,6578332.0800000001],[1630885.79,6578368.9500000002]],"44":[[1630910.1229999997,6578333.5350000001],[1630902.9399999999,6578329.1100000003],[1630887.45,6578361.1900000004]],"45":[[1630910.1229999997,6578333.5350000001],[1630902.72,6578330.1200000001],[1630888.9399999999,6578369.1600000001]],"46":[[1630910.1229999997,6578333.5350000001],[1630903.29,6578327.1699999999],[1630896.8500000001,6578308.4100000001]],"47":[[1631087.791,6578201.8939999994],[1631087.1899999999,6578201.5899999999],[1631086.04,6578242.6799999997]],"48":[[1631087.791,6578201.8939999994],[1631083.77,6578203.7599999998],[1631066.9099999999,6578215.3499999996],[1631066.9099999999,6578215.3499999996],[1631083.6399999999,6578232.3300000001]],"49":[[1631087.791,6578201.8939999994],[1631086.3,6578202.1600000001],[1631073.8,6578185.71]],"50":[[1631027.9569999999,6578241.5089999996],[1631023.55,6578241.0999999996],[1631009.25,6578226.75]],"51":[[1631027.9569999999,6578241.5089999996],[1631026.1200000001,6578239.54],[1631054.46,6578260.9400000004]],"52":[[1631027.9569999999,6578241.5089999996],[1631026.97,6578239.0199999996],[1631029.25,6578238.1600000001]],"53":[[1631027.9569999999,6578241.5089999996],[1631020.24,6578243.1100000003],[1630985.97,6578266.4199999999]],"54":[[1631246.71,6578097.4189999998],[1631240.6200000001,6578107.1399999997],[1631206.6200000001,6578131.9500000002]],"55":[[1631246.71,6578097.4189999998],[1631244.04,6578105.0599999996],[1631262.4099999999,6578073.0899999999],[1631262.4099999999,6578073.0899999999],[1631228.78,6578032.7199999997]],"56":[[1631246.71,6578097.4189999998],[1631243.1599999999,6578105.54],[1631247.26,6578077.8099999996]],"57":[[1631246.71,6578097.4189999998],[1631244.8799999999,6578104.5199999996],[1631268.5600000001,6578059.75]],"58":[[1631246.71,6578097.4189999998],[1631246.55,6578103.4199999999],[1631312.1899999999,6578064.8600000003]],"59":[[1631246.71,6578097.4189999998],[1631249.1100000001,6578101.8099999996],[1631246.1299999999,6578082.5999999996]],"60":[[1631145.4679999999,6578163.8820000002],[1631149.96,6578165.0499999998],[1631110.95,6578166.8700000001]],"61":[[1631145.4679999999,6578163.8820000002],[1631143.9299999999,6578168.8300000001],[1631141.7,6578141.3700000001]],"62":[[1631145.4679999999,6578163.8820000002],[1631144.77,6578168.2999999998],[1631209.1799999999,6578098.6699999999]],