{"name":{"8":"LN0b","9":"LO1","13":"LN0a","14":"LO0b","17":"LO0a","18":"LAA20","19":"LBB21","20":"LCC23","21":"Llugnw24","22":"Llugnw26","23":"Llugnw27","24":"Lslusn8","25":"Lslusn9","26":"Lslusn10","27":"Lfarvt13","28":"Lslusn11","29":"Lfarvt12","30":"LDD4","31":"LEE5","32":"Lfarvt16","33":"Llugne17","34":"Llugne18","35":"Llugne19","36":"LF 4","37":"Luddnw3","38":"LG2","39":"Llugnw6","40":"Llugnw7","41":"LH5","42":"LA1","43":"LB2","44":"LC5","45":"LD4","46":"LE7","47":"LM8","48":"LN4","49":"LO7","50":"LI5","51":"LJ8","52":"LK9","53":"LL 1","54":"LU 1","55":"LW5","56":"LV4","57":"LX6","58":"LY8","59":"LZ11","60":"LP10","61":"LQ3","62":"LR4","63":"LS 7","64":"LT8"},"std_type":{"8":null,"9":null,"13":null,"14":null,"17":null,"18":null,"19":null,"20":null,"21":null,"22":null,"23":null,"24":null,"25":null,"26":null,"27":null,"28":null,"29":null,"30":null,"31":null,"32":null,"33":null,"34":null,"35":null,"36":null,"37":null,"38":null,"39":null,"40":null,"41":null,"42":null,"43":null,"44":null,"45":null,"46":null,"47":null,"48":null,"49":null,"50":null,"51":null,"52":null,"53":null,"54":null,"55":null,"56":null,"57":null,"58":null,"59":null,"60":null,"61":null,"62":null,"63":null,"64":null},"from_bus":{"8":12,"9":8,"13":10,"14":14,"17":10,"18":20,"19":20,"20":20,"21":20,"22":20,"23":20,"24":20,"25":20,"26":20,"27":20,"28":20,"29":20,"30":20,"31":20,"32":20,"33":20,"34":20,"35":20,"36":23,"37":23,"38":23,"39":23,"40":23,"41":23,"42":24,"43":24,"44":24,"45":24,"46":24,"47":25,"48":25,"49":25,"50":26,"51":26,"52":26,"53":26,"54":28,"55":28,"56":28,"57":28,"58":28,"59":28,"60":29,"61":29,"62":29,"63":29,"64":29},"to_bus":{"8":6,"9":6,"13":12,"14":8,"17":14,"18":30,"19":31,"20":32,"21":26,"22":26,"23":26,"24":28,"25":28,"26":28,"27":29,"28":28,"29":29,"30":33,"31":34,"32":29,"33":25,"34":25,"35":25,"36":35,"37":24,"38":36,"39":26,"40":26,"41":37,"42":38,"43":39,"44":40,"45":41,"46":42,"47":43,"48":44,"49":45,"50":46,"51":47,"52":48,"53":49,"54":50,"55":51,"56":52,"57":53,"58":54,"59":55,"60":56,"61":57,"62":58,"63":59,"64":60},"length_km":{"8":0.214,"9":0.214,"13":1.557,"14":1.48868126,"17":0.11820169,"18":0.1947778291,"19":0.3031305576,"20":0.1515636337,"21":0.0562974395,"22":0.0499627969,"23":0.0489434124,"24":0.2692702447,"25":0.2673595193,"26":0.2602524623,"27":0.1440218423,"28":0.258255226,"29":0.1480168155,"30":0.0033541377,"31":0.043974263,"32":0.1419684037,"33":0.0754283479,"34":0.0734332149,"35":0.0704396443,"36":0.0540415899,"37":0.0934276141,"38":0.0387149124,"39":0.0757182383,"40":0.0717274394,"41":0.0148734467,"42":0.1284058426,"43":0.0544951009,"44":0.0576883443,"45":0.0537000586,"46":0.0273044914,"47":0.0679781253,"48":0.1515426068,"49":0.0214318087,"50":0.0240877648,"51":0.0510482856,"52":0.0048573451,"53":0.0507527284,"54":0.0527690759,"55":0.1307239039,"56":0.0393680274,"57":0.0690697551,"58":0.1690980674,"59":0.0344899475,"60":0.0674670666,"61":0.0411155292,"62":0.1210568228,"63":0.1992662906,"64":0.0532406559},"r_ohm_per_km":{"8":0.13,"9":0.13,"13":0.13,"14":0.1298006204,"17":0.1275718038,"18":0.1367652181,"19":0.13,"20":0.13,"21":0.13,"22":0.13,"23":0.13,"24":0.13,"25":0.13,"26":0.13,"27":0.13,"28":0.13,"29":0.13,"30":0.32,"31":0.13,"32":0.13,"33":0.13,"34":0.13,"35":0.13,"36":0.32,"37":0.13,"38":0.13,"39":0.13,"40":0.13,"41":1.83,"42":1.83,"43":1.83,"44":0.32,"45":1.83,"46":1.83,"47":1.83,"48":0.14,"49":0.13,"50":0.13,"51":1.83,"52":1.83,"53":0.32,"54":0.13,"55":1.83,"56":0.32,"57":0.13,"58":0.13,"59":1.83,"60":1.83,"61":0.13,"62":0.32,"63":0.13,"64":0.32},"x_ohm_per_km":{"8":0.08,"9":0.08,"13":0.08,"14":0.0800996898,"17":0.0812140981,"18":0.07,"19":0.07,"20":0.07,"21":0.07,"22":0.07,"23":0.07,"24":0.07,"25":0.07,"26":0.07,"27":0.07,"28":0.07,"29":0.07,"30":0.08,"31":0.07,"32":0.07,"33":0.07,"34":0.07,"35":0.07,"36":0.08,"37":0.07,"38":0.07,"39":0.07,"40":0.07,"41":0.09,"42":0.09,"43":0.09,"44":0.08,"45":0.09,"46":0.09,"47":0.09,"48":0.07,"49":0.07,"50":0.07,"51":0.09,"52":0.09,"53":0.08,"54":0.07,"55":0.09,"56":0.08,"57":0.07,"58":0.07,"59":0.09,"60":0.09,"61":0.07,"62":0.08,"63":0.07,"64":0.08},"c_nf_per_km":{"8":420.0,"9":420.0,"13":0.6727194151,"14":0.727799453,"17":36.9904028737,"18":0.0,"19":0.0,"20":0.0,"21":0.0,"22":0.0,"23":0.0,"24":0.0,"25":0.0,"26":0.0,"27":0.0,"28":0.0,"29":0.0,"30":0.0,"31":0.0,"32":0.0,"33":0.0,"34":0.0,"35":0.0,"36":0.0,"37":0.0,"38":0.0,"39":0.0,"40":0.0,"41":0.0,"42":0.0,"43":0.0,"44":0.0,"45":0.0,"46":0.0,"47":0.0,"48":0.0,"49":0.0,"50":0.0,"51":0.0,"52":0.0,"53":0.0,"54":0.0,"55":0.0,"56":0.0,"57":0.0,"58":0.0,"59":0.0,"60":0.0,"61":0.0,"62":0.0,"63":0.0,"64":0.0},"g_us_per_km":{"8":0.0,"9":0.0,"13":0.0,"14":0.0,"17":0.0,"18":0.0,"19":0.0,"20":0.0,"21":0.0,"22":0.0,"23":0.0,"24":0.0,"25":0.0,"26":0.0,"27":0.0,"28":0.0,"29":0.0,"30":0.0,"31":0.0,"32":0.0,"33":0.0,"34":0.0,"35":0.0,"36":0.0,"37":0.0,"38":0.0,"39":0.0,"40":0.0,"41":0.0,"42":0.0,"43":0.0,"44":0.0,"45":0.0,"46":0.0,"47":0.0,"48":0.0,"49":0.0,"50":0.0,"51":0.0,"52":0.0,"53":0.0,"54":0.0,"55":0.0,"56":0.0,"57":0.0,"58":0.0,"59":0.0,"60":0.0,"61":0.0,"62":0.0,"63":0.0,"64":0.0},"max_i_ka":{"8":0.142,"9":0.142,"13":0.142,"14":0.142,"17":0.142,"18":0.142,"19":0.142,"20":0.142,"21":0.142,"22":0.142,"23":0.142,"24":0.142,"25":0.142,"26":0.142,"27":0.142,"28":0.142,"29":0.142,"30":0.142,"31":0.142,"32":0.142,"33":0.142,"34":0.142,"35":0.142,"36":0.142,"37":0.142,"38":0.142,"39":0.142,"40":0.142,"41":0.142,"42":0.142,"43":0.142,"44":0.142,"45":0.142,"46":0.142,"47":0.142,"48":0.142,"49":0.142,"50":0.142,"51":0.142,"52":0.142,"53":0.142,"54":0.142,"55":0.142,"56":0.142,"57":0.142,"58":0.142,"59":0.142,"60":0.142,"61":0.142,"62":0.142,"63":0.142,"64":0.142},"df":{"8":1.0,"9":1.0,"13":1.0,"14":1.0,"17":1.0,"18":1.0,"19":1.0,"20":1.0,"21":1.0,"22":1.0,"23":1.0,"24":1.0,"25":1.0,"26":1.0,"27":1.0,"28":1.0,"29":1.0,"30":1.0,"31":1.0,"32":1.0,"33":1.0,"34":1.0,"35":1.0,"36":1.0,"37":1.0,"38":1.0,"39":1.0,"40":1.0,"41":1.0,"42":1.0,"43":1.0,"44":1.0,"45":1.0,"46":1.0,"47":1.0,"48":1.0,"49":1.0,"50":1.0,"51":1.0,"52":1.0,"53":1.0,"54":1.0,"55":1.0,"56":1.0,"57":1.0,"58":1.0,"59":1.0,"60":1.0,"61":1.0,"62":1.0,"63":1.0,"64":1.0},"parallel":{"8":1,"9":1,"13":1,"14":1,"17":1,"18":1,"19":2,"20":1,"21":1,"22":1,"23":1,"24":1,"25":1,"26":1,"27":1,"28":1,"29":1,"30":1,"31":1,"32":1,"33":1,"34":1,"35":1,"36":1,"37":1,"38":2,"39":1,"40":1,"41":1,"42":1,"43":1,"44":1,"45":1,"46":1,"47":1,"48":3,"49":1,"50":1,"51":1,"52":1,"53":1,"54":1,"55":1,"56":1,"57":1,"58":2,"59":1,"60":1,"61":1,"62":1,"63":2,"64":1},"type":{"8":null,"9":null,"13":null,"14":null,"17":null,"18":null,"19":null,"20":null,"21":null,"22":null,"23":null,"24":null,"25":null,"26":null,"27":null,"28":null,"29":null,"30":null,"31":null,"32":null,"33":null,"34":null,"35":null,"36":null,"37":null,"38":null,"39":null,"40":null,"41":null,"42":null,"43":null,"44":null,"45":null,"46":null,"47":null,"48":null,"49":null,"50":null,"51":null,"52":null,"53":null,"54":null,"55":null,"56":null,"57":null,"58":null,"59":null,"60":null,"61":null,"62":null,"63":null,"64":null},"in_service":{"8":true,"9":true,"13":true,"14":true,"17":true,"18":true,"19":true,"20":true,"21":true,"22":true,"23":true,"24":true,"25":true,"26":true,"27":true,"28":true,"29":true,"30":true,"31":true,"32":true,"33":true,"34":true,"35":true,"36":true,"37":true,"38":true,"39":true,"40":true,"41":true,"42":true,"43":true,"44":true,"45":true,"46":true,"47":true,"48":true,"49":true,"50":true,"51":true,"52":true,"53":true,"54":true,"55":true,"56":true,"57":true,"58":true,"59":true,"60":true,"61":true,"62":true,"63":true,"64":true}}