{"x":{"6":1631027.95,"8":1630934.8100000001,"10":1630013.987,"12":1630944.4199999999,"14":1629991.74,"20":1631027.95,"22":1630934.8100000001,"23":1630966.2379999997,"24":1630910.1229999997,"25":1631087.791,"26":1631027.9569999999,"27":1631199.0129999998,"28":1631246.71,"29":1631145.4679999999,"30":1631086.5700000001,"31":1631004.4299999999,"32":1631004.96,"33":1631028.8600000001,"34":1631026.4199999999,"35":1630920.3899999999,"36":1630954.6599999999,"37":1630959.1299999999,"38":1630971.3200000001,"39":1630885.79,"40":1630887.45,"41":1630888.9399999999,"42":1630896.8500000001,"43":1631086.04,"44":1631083.6399999999,"45":1631073.8,"46":1631009.25,"47":1631054.46,"48":1631029.25,"49":1630985.97,"50":1631206.6200000001,"51":1631228.78,"52":1631247.26,"53":1631268.5600000001,"54":1631312.1899999999,"55":1631246.1299999999,"56":1631110.95,"57":1631141.7,"58":1631209.1799999999,"59":1631195.1499999999,"60":1631187.95},"y":{"6":6578206.8499999996,"8":6578077.5499999998,"10":6577750.0770000014,"12":6578079.8200000003,"14":6577827.6699999999,"20":6578206.8499999996,"22":6578077.5499999998,"23":6578276.5289999992,"24":6578333.5350000001,"25":6578201.8939999994,"26":6578241.5089999996,"27":6578201.057,"28":6578097.4189999998,"29":6578163.8820000002,"30":6578349.4000000004,"31":6578288.9500000002,"32":6578289.7999999998,"33":6578196.0099999998,"34":6578198.3799999999,"35":6578282.3600000003,"36":6578287.3600000003,"37":6578261.6299999999,"38":6578407.8799999999,"39":6578368.9500000002,"40":6578361.1900000004,"41":6578369.1600000001,"42":6578308.4100000001,"43":6578242.6799999997,"44":6578232.3300000001,"45":6578185.71,"46":6578226.75,"47":6578260.9400000004,"48":6578238.1600000001,"49":6578266.4199999999,"50":6578131.9500000002,"51":6578032.7199999997,"52":6578077.8099999996,"53":6578059.75,"54":6578064.8600000003,"55":6578082.5999999996,"56":6578166.8700000001,"57":6578141.3700000001,"58":6578098.6699999999,"59":6578137.3399999999,"60":6578139.0499999998},"coords":{"6":null,"8":null,"10":null,"12":null,"14":null,"20":null,"22":null,"23":null,"24":null,"25":null,"26":null,"27":null,"28":null,"29":null,"30":null,"31":null,"32":null,"33":null,"34":null,"35":null,"36":null,"37":null,"38":null,"39":null,"40":null,"41":null,"42":null,"43":null,"44":null,"45":null,"46":null,"47":null,"48":null,"49":null,"50":null,"51":null,"52":null,"53":null,"54":null,"55":null,"56":null,"57":null,"58":null,"59":null,"60":null}}